{"cameraMode":{"drawMode":0,"name":"Shaded","section":"Shading Mode"},"sceneLighting":false,"audioPlay":false,"sceneViewState":{"m_AlwaysRefresh":false,"showFog":true,"showSkybox":false,"showFlares":true,"showImageEffects":true,"showParticleSystems":true,"showVisualEffectGraphs":true,"m_FxEnabled":true},"in2DMode":false,"pivot":{"x":1.1343483924865723,"y":0.9157876968383789,"z":3.5335195064544679},"rotation":{"x":0.30637383460998537,"y":0.42544782161712649,"z":-0.15695390105247498,"w":0.8373385071754456},"size":0.3841897249221802,"orthographic":false}