{"cameraMode":{"drawMode":0,"name":"Shaded","section":"Shading Mode"},"sceneLighting":false,"audioPlay":false,"sceneViewState":{"m_AlwaysRefresh":false,"showFog":true,"showSkybox":false,"showFlares":true,"showImageEffects":true,"showParticleSystems":true,"showVisualEffectGraphs":true,"m_FxEnabled":true},"in2DMode":false,"pivot":{"x":5.949999809265137,"y":21.729999542236329,"z":-22.90999984741211},"rotation":{"x":0.17339958250522614,"y":0.27454379200935366,"z":-0.05143360793590546,"w":0.9447411894798279},"size":1.4976619482040406,"orthographic":false}