{"cameraMode":{"drawMode":0,"name":"Shaded","section":"Shading Mode"},"sceneLighting":false,"audioPlay":false,"sceneViewState":{"m_AlwaysRefresh":false,"showFog":true,"showSkybox":false,"showFlares":true,"showImageEffects":true,"showParticleSystems":true,"showVisualEffectGraphs":true,"m_FxEnabled":true},"in2DMode":false,"pivot":{"x":0.6748835444450378,"y":0.8259855508804321,"z":-0.2527153789997101},"rotation":{"x":0.06460577249526978,"y":0.817137598991394,"z":-0.09940987080335617,"w":0.5641385912895203},"size":2.0061957836151125,"orthographic":false}